[
  {
    "name": "Fully Furnished 2,5 Rooms Apartment",
    "latitude": 47.35965,
    "longitude": 8.52042,
    "host_name": "VISIONAPARTMENTS",
    "price": 200.0
  },
  {
    "name": "VISIONAPARTMENTS | Brunaupark im Zentrum",
    "latitude": 47.36021,
    "longitude": 8.52003,
    "host_name": "VISIONAPARTMENTS",
    "price": 180.0
  },
  {
    "name": "Exklusives Loft im Kreis 3, Zürich",
    "latitude": 47.36834,
    "longitude": 8.51922,
    "host_name": "Marc",
    "price": 206.0
  },
  {
    "name": "Spacious Luxury 2 Bedroom Apartment City Center",
    "latitude": 47.36872,
    "longitude": 8.52094,
    "host_name": "Luxury Apartments",
    "price": 300.0
  },
  {
    "name": "Modern Studio in the Heart of Zurich",
    "latitude": 47.36452,
    "longitude": 8.52185,
    "host_name": null,
    "price": 147.0
  },
  {
    "name": "Stylish apartment in the centre of Zurich.",
    "latitude": 47.36723,
    "longitude": 8.51917,
    "host_name": null,
    "price": 147.0
  },
  {
    "name": "Bright and charming, in Zürich",
    "latitude": 47.35997772216797,
    "longitude": 8.522051811218262,
    "host_name": "Francesca",
    "price": 136.0
  }
]
